CODECOMBINATIONACCOUNTTYPE,CODECOMBINATIONID,CODECOMBINATIONSEGMENT1,CODECOMBINATIONSEGMENT10,CODECOMBINATIONSEGMENT11,CODECOMBINATIONSEGMENT12,CODECOMBINATIONSEGMENT13,CODECOMBINATIONSEGMENT14,CODECOMBINATIONSEGMENT15,CODECOMBINATIONSEGMENT16,CODECOMBINATIONSEGMENT17,CODECOMBINATIONSEGMENT18,CODECOMBINATIONSEGMENT19,CODECOMBINATIONSEGMENT2,CODECOMBINATIONSEGMENT20,CODECOMBINATIONSEGMENT21,CODECOMBINATIONSEGMENT22,CODECOMBINATIONSEGMENT23,CODECOMBINATIONSEGMENT24,CODECOMBINATIONSEGMENT25,CODECOMBINATIONSEGMENT26,CODECOMBINATIONSEGMENT27,CODECOMBINATIONSEGMENT28,CODECOMBINATIONSEGMENT29,CODECOMBINATIONSEGMENT3,CODECOMBINATIONSEGMENT30,CODECOMBINATIONSEGMENT4,CODECOMBINATIONSEGMENT5,CODECOMBINATIONSEGMENT6,CODECOMBINATIONSEGMENT7,CODECOMBINATIONSEGMENT8,CODECOMBINATIONSEGMENT9
O,146871,1,,,,,,,,,,,T,,,,,,,,,,,1500,,T,1,10,A,A1,
O,162469,1,,,,,,,,,,,T,,,,,,,,,,,1800,,T,2,11,B,A2,
O,145856,1,,,,,,,,,,,T,,,,,,,,,,,1100,,T,3,12,C,A3,
L,144294,1,,,,,,,,,,,0,,,,,,,,,,,2440,,0,4,13,A,A4,
A,147271,1,,,,,,,,,,,0,,,,,,,,,,,1410,,0,5,14,B,A5,
E,161638,1,,,,,,,,,,,100,,,,,,,,,,,6100,,0,6,15,C,A6,
E,149046,1,,,,,,,,,,,400,,,,,,,,,,,6100,,0,7,16,A,A7,
E,149030,1,,,,,,,,,,,500,,,,,,,,,,,6100,,0,8,17,B,A8,
E,165039,1,,,,,,,,,,,500,,,,,,,,,,,7320,,0,9,18,C,A9,
E,147877,1,,,,,,,,,,,100,,,,,,,,,,,7690,,0,10,19,A,A10,
O,145841,1,,,,,,,,,,,0,,,,,,,,,,,3100,,0,11,20,B,A11,
R,143630,1,,,,,,,,,,,2998,,,,,,,,,,,9760,,0,12,21,C,A12,
E,148132,1,,,,,,,,,,,2998,,,,,,,,,,,9910,,0,13,22,A,A13,
R,163806,1,,,,,,,,,,,2998,,,,,,,,,,,9950,,0,14,23,B,A14,
O,146783,1,,,,,,,,,,,T,,,,,,,,,,,6100,,T,15,24,C,A15,
O,143519,1,,,,,,,,,,,T,,,,,,,,,,,6300,,T,16,25,A,A16,
O,157430,1,,,,,,,,,,,T,,,,,,,,,,,5200,,T,17,26,B,A17,
O,146275,1,,,,,,,,,,,T,,,,,,,,,,,6900,,T,18,27,C,A18,
O,144245,1,,,,,,,,,,,T,,,,,,,,,,,8000,,T,19,28,A,A19,
R,144397,1,,,,,,,,,,,1998,,,,,,,,,,,7210,,199,20,29,B,A20,
E,145858,1,,,,,,,,,,,2998,,,,,,,,,,,8130,,0,21,30,C,A21,
E,163399,1,,,,,,,,,,,1998,,,,,,,,,,,8310,,199,22,31,A,A22,
E,143482,1,,,,,,,,,,,1998,,,,,,,,,,,8340,,199,23,32,B,A23,
E,144573,1,,,,,,,,,,,2998,,,,,,,,,,,8520,,499,24,33,C,A24,
E,143618,1,,,,,,,,,,,2998,,,,,,,,,,,8640,,0,25,34,A,A25,
E,142497,1,,,,,,,,,,,2998,,,,,,,,,,,8720,,0,26,35,B,A26,
E,143293,1,,,,,,,,,,,2998,,,,,,,,,,,8890,,0,27,36,C,A27,
R,143703,1,,,,,,,,,,,1998,,,,,,,,,,,9210,,299,28,37,A,A28,
R,161310,1,,,,,,,,,,,2998,,,,,,,,,,,9410,,0,29,38,B,A29,
L,145036,1,,,,,,,,,,,2998,,,,,,,,,,,2410,,0,30,39,C,A30,
L,145855,1,,,,,,,,,,,2998,,,,,,,,,,,2510,,0,31,40,A,A31,
L,165009,1,,,,,,,,,,,2998,,,,,,,,,,,2760,,0,32,41,B,A32,
O,162675,1,,,,,,,,,,,2998,,,,,,,,,,,3100,,0,33,42,C,A33,
O,159059,1,,,,,,,,,,,2998,,,,,,,,,,,3600,,0,34,43,A,A34,
R,142934,1,,,,,,,,,,,1998,,,,,,,,,,,4320,,199,35,44,B,A35,
R,158117,1,,,,,,,,,,,2998,,,,,,,,,,,4520,,499,36,45,C,A36,
E,150238,1,,,,,,,,,,,1998,,,,,,,,,,,6110,,0,37,46,A,A37,
E,164091,1,,,,,,,,,,,1998,,,,,,,,,,,6130,,0,38,47,B,A38,
E,147737,1,,,,,,,,,,,1998,,,,,,,,,,,6310,,0,39,48,C,A39,
E,144877,1,,,,,,,,,,,2998,,,,,,,,,,,6420,,0,40,49,A,A40,
E,147484,1,,,,,,,,,,,1998,,,,,,,,,,,6910,,199,41,50,B,A41,
E,146307,1,,,,,,,,,,,0,,,,,,,,,,,6420,,1010,42,51,C,A42,
E,165126,1,,,,,,,,,,,0,,,,,,,,,,,6420,,1040,43,52,A,A43,
A,143015,1,,,,,,,,,,,2998,,,,,,,,,,,1110,,0,44,53,B,A44,
A,10366,1,,,,,,,,,,,1998,,,,,,,,,,,1310,,199,45,54,C,A45,
A,149014,1,,,,,,,,,,,1998,,,,,,,,,,,1340,,199,46,55,A,A46,
A,143506,1,,,,,,,,,,,2998,,,,,,,,,,,1520,,499,47,56,B,A47,
A,147534,1,,,,,,,,,,,2998,,,,,,,,,,,1640,,0,48,57,C,A48,
A,146334,1,,,,,,,,,,,2998,,,,,,,,,,,1670,,0,49,58,A,A49,
A,163345,1,,,,,,,,,,,2998,,,,,,,,,,,1730,,0,50,59,B,A50,
L,158943,1,,,,,,,,,,,1998,,,,,,,,,,,2110,,299,51,60,C,A51,
A,145037,1,,,,,,,,,,,0,,,,,,,,,,,1620,,0,52,61,A,A52,
A,164580,1,,,,,,,,,,,0,,,,,,,,,,,1560,,0,53,62,B,A53,
A,164596,1,,,,,,,,,,,0,,,,,,,,,,,1530,,0,54,63,C,A54,
E,142463,2,,,,,,,,,,,120,,,,,,,,,,,9110,,0,55,64,A,A55,
E,148458,2,,,,,,,,,,,402,,,,,,,,,,,9110,,0,56,65,B,A56,
E,148435,1,,,,,,,,,,,140,,,,,,,,,,,8100,,0,57,66,C,A57,
E,3.00E+14,2,,,,,,,,,,,120,,,,,,,,,,,8100,,0,58,67,A,A58,
E,145547,2,,,,,,,,,,,402,,,,,,,,,,,8100,,0,59,68,B,A59,
E,145005,1,,,,,,,,,,,110,,,,,,,,,,,7350,,0,60,69,C,A60,
E,3.00E+14,1,,,,,,,,,,,0,,,,,,,,,,,6430,,2260,61,70,A,A61,
E,148958,1,,,,,,,,,,,130,,,,,,,,,,,9110,,0,62,71,B,A62,
E,148959,1,,,,,,,,,,,200,,,,,,,,,,,7450,,0,63,72,C,A63,
E,147115,1,,,,,,,,,,,800,,,,,,,,,,,7450,,0,64,73,A,A64,
E,147088,1,,,,,,,,,,,0,,,,,,,,,,,7450,,0,65,74,B,A65,
E,145783,1,,,,,,,,,,,200,,,,,,,,,,,7630,,0,66,75,C,A66,
E,145309,1,,,,,,,,,,,700,,,,,,,,,,,7630,,0,67,76,A,A67,
L,145117,1,,,,,,,,,,,0,,,,,,,,,,,2225,,0,68,77,B,A68,
A,145337,1,,,,,,,,,,,0,,,,,,,,,,,1650,,0,69,78,C,A69,
A,143361,1,,,,,,,,,,,0,,,,,,,,,,,1680,,0,70,79,A,A70,
O,147455,1,,,,,,,,,,,T,,,,,,,,,,,2700,,T,71,80,B,A71,
O,146406,1,,,,,,,,,,,T,,,,,,,,,,,2800,,T,72,81,C,A72,
O,145243,1,,,,,,,,,,,T,,,,,,,,,,,3000,,T,73,82,A,A73,
E,147214,1,,,,,,,,,,,130,,,,,,,,,,,7630,,0,74,83,B,A74,
E,146017,1,,,,,,,,,,,730,,,,,,,,,,,7620,,0,75,84,C,A75,
E,158123,1,,,,,,,,,,,110,,,,,,,,,,,9110,,0,76,85,A,A76,
E,157023,1,,,,,,,,,,,140,,,,,,,,,,,9110,,0,77,86,B,A77,
E,162402,2,,,,,,,,,,,120,,,,,,,,,,,9110,,0,78,87,C,A78,
E,142885,2,,,,,,,,,,,402,,,,,,,,,,,9110,,0,79,88,A,A79,
E,147334,1,,,,,,,,,,,740,,,,,,,,,,,7740,,0,80,89,B,A80,
L,145912,1,,,,,,,,,,,0,,,,,,,,,,,2220,,0,81,90,C,A81,
A,143309,1,,,,,,,,,,,480,,,,,,,,,,,1660,,0,82,91,A,A82,
E,157079,1,,,,,,,,,,,480,,,,,,,,,,,7851,,0,83,92,B,A83,
E,148455,1,,,,,,,,,,,720,,,,,,,,,,,7340,,0,84,93,C,A84,
A,148998,1,,,,,,,,,,,110,,,,,,,,,,,1540,,0,85,94,A,A85,
A,164087,1,,,,,,,,,,,720,,,,,,,,,,,1640,,0,86,95,B,A86,
A,143966,1,,,,,,,,,,,560,,,,,,,,,,,1650,,0,87,96,C,A87,
A,145090,1,,,,,,,,,,,520,,,,,,,,,,,1630,,0,88,97,A,A88,
A,145015,1,,,,,,,,,,,0,,,,,,,,,,,1332,,0,89,98,B,A89,
A,146994,1,,,,,,,,,,,0,,,,,,,,,,,1430,,0,90,99,C,A90,
A,145511,1,,,,,,,,,,,0,,,,,,,,,,,1440,,0,91,100,A,A91,
E,144076,1,,,,,,,,,,,460,,,,,,,,,,,7350,,0,92,101,B,A92,
E,10106,1,,,,,,,,,,,520,,,,,,,,,,,5370,,0,93,102,C,A93,
E,146162,1,,,,,,,,,,,0,,,,,,,,,,,1420,,0,94,103,A,A94,
E,145760,1,,,,,,,,,,,0,,,,,,,,,,,1460,,0,95,104,B,A95,
E,163274,1,,,,,,,,,,,510,,,,,,,,,,,5220,,0,96,105,C,A96,
R,144307,1,,,,,,,,,,,510,,,,,,,,,,,4110,,0,97,106,A,A97,
L,145923,1,,,,,,,,,,,0,,,,,,,,,,,2520,,0,98,107,B,A98,
A,146121,1,,,,,,,,,,,470,,,,,,,,,,,1550,,0,99,108,C,A99,
E,147179,1,,,,,,,,,,,510,,,,,,,,,,,7450,,0,100,109,A,A100,
E,157502,1,,,,,,,,,,,580,,,,,,,,,,,7450,,0,101,110,B,A101,
E,158582,1,,,,,,,,,,,740,,,,,,,,,,,7825,,0,102,111,C,A102,
E,148883,1,,,,,,,,,,,530,,,,,,,,,,,5210,,0,103,112,A,A103,
E,156652,1,,,,,,,,,,,540,,,,,,,,,,,5220,,0,104,113,B,A104,
E,144832,1,,,,,,,,,,,530,,,,,,,,,,,5290,,0,105,114,C,A105,
A,145239,1,,,,,,,,,,,0,,,,,,,,,,,1110,,0,106,115,A,A106,
E,145265,1,,,,,,,,,,,740,,,,,,,,,,,7870,,0,107,116,B,A107,
A,160880,1,,,,,,,,,,,0,,,,,,,,,,,1110,,0,108,117,C,A108,
A,163385,1,,,,,,,,,,,0,,,,,,,,,,,1210,,0,109,118,A,A109,
A,145763,1,,,,,,,,,,,0,,,,,,,,,,,1240,,0,110,119,B,A110,
A,160101,1,,,,,,,,,,,0,,,,,,,,,,,1570,,0,111,120,C,A111,
L,143520,1,,,,,,,,,,,0,,,,,,,,,,,2220,,0,112,121,A,A112,
L,144479,1,,,,,,,,,,,0,,,,,,,,,,,2555,,0,113,122,B,A113,
E,144456,1,,,,,,,,,,,510,,,,,,,,,,,7210,,0,114,123,C,A114,
E,142831,1,,,,,,,,,,,560,,,,,,,,,,,7230,,0,115,124,A,A115,
E,158103,1,,,,,,,,,,,570,,,,,,,,,,,7220,,0,116,125,B,A116,
E,147184,1,,,,,,,,,,,580,,,,,,,,,,,7210,,0,117,126,C,A117,
E,3.00E+14,1,,,,,,,,,,,590,,,,,,,,,,,7230,,0,118,127,A,A118,
E,3.00E+14,1,,,,,,,,,,,500,,,,,,,,,,,7220,,0,119,128,B,A119,
E,159636,1,,,,,,,,,,,110,,,,,,,,,,,7450,,0,120,129,C,A120,
E,147363,1,,,,,,,,,,,140,,,,,,,,,,,7450,,0,121,130,A,A121,
E,147907,1,,,,,,,,,,,410,,,,,,,,,,,7450,,0,122,131,B,A122,
E,148771,1,,,,,,,,,,,440,,,,,,,,,,,7450,,0,123,132,C,A123,
E,144382,1,,,,,,,,,,,470,,,,,,,,,,,7450,,0,124,133,A,A124,
E,142756,1,,,,,,,,,,,140,,,,,,,,,,,7230,,0,125,134,B,A125,
E,148234,1,,,,,,,,,,,402,,,,,,,,,,,7210,,0,126,135,C,A126,
E,149164,1,,,,,,,,,,,410,,,,,,,,,,,7220,,0,127,136,A,A127,
E,144291,1,,,,,,,,,,,420,,,,,,,,,,,7210,,0,128,137,B,A128,
E,162672,1,,,,,,,,,,,420,,,,,,,,,,,7230,,0,129,138,C,A129,
E,149044,1,,,,,,,,,,,800,,,,,,,,,,,7360,,0,130,139,A,A130,
E,164549,1,,,,,,,,,,,500,,,,,,,,,,,7410,,0,131,140,B,A131,
E,146237,1,,,,,,,,,,,500,,,,,,,,,,,7420,,0,132,141,C,A132,
E,148168,1,,,,,,,,,,,400,,,,,,,,,,,7440,,0,133,142,A,A133,
E,3.00E+14,1,,,,,,,,,,,100,,,,,,,,,,,7450,,0,134,143,B,A134,
E,146738,1,,,,,,,,,,,700,,,,,,,,,,,7450,,0,135,144,C,A135,
E,147227,1,,,,,,,,,,,500,,,,,,,,,,,7510,,0,136,145,A,A136,
E,144187,1,,,,,,,,,,,700,,,,,,,,,,,7530,,0,137,146,B,A137,
E,158568,1,,,,,,,,,,,580,,,,,,,,,,,7620,,0,138,147,C,A138,
A,163311,1,,,,,,,,,,,700,,,,,,,,,,,1510,,0,139,148,A,A139,
A,157363,1,,,,,,,,,,,700,,,,,,,,,,,1520,,0,140,149,B,A140,
A,142519,1,,,,,,,,,,,700,,,,,,,,,,,1530,,0,141,150,C,A141,
A,163151,1,,,,,,,,,,,700,,,,,,,,,,,1540,,0,142,151,A,A142,
A,160891,1,,,,,,,,,,,700,,,,,,,,,,,1550,,0,143,152,B,A143,
A,164379,1,,,,,,,,,,,700,,,,,,,,,,,1560,,0,144,153,C,A144,
A,162375,1,,,,,,,,,,,700,,,,,,,,,,,1580,,0,145,154,A,A145,
A,159601,1,,,,,,,,,,,700,,,,,,,,,,,1590,,0,146,155,B,A146,
A,164522,1,,,,,,,,,,,700,,,,,,,,,,,1620,,0,147,156,C,A147,
A,146657,1,,,,,,,,,,,700,,,,,,,,,,,1650,,0,148,157,A,A148,
R,148120,1,,,,,,,,,,,400,,,,,,,,,,,4120,,0,149,158,B,A149,
E,143450,1,,,,,,,,,,,400,,,,,,,,,,,5110,,0,150,159,C,A150,
E,159755,1,,,,,,,,,,,400,,,,,,,,,,,7110,,0,151,160,A,A151,
E,148361,1,,,,,,,,,,,400,,,,,,,,,,,7120,,0,152,161,B,A152,
E,146403,1,,,,,,,,,,,400,,,,,,,,,,,7210,,0,153,162,C,A153,
E,143895,1,,,,,,,,,,,400,,,,,,,,,,,7220,,0,154,163,A,A154,
E,142710,1,,,,,,,,,,,100,,,,,,,,,,,7230,,0,155,164,B,A155,
E,146378,1,,,,,,,,,,,404,,,,,,,,,,,7530,,0,156,165,C,A156,
E,146942,1,,,,,,,,,,,430,,,,,,,,,,,7530,,0,157,166,A,A157,
E,158079,1,,,,,,,,,,,460,,,,,,,,,,,7530,,0,158,167,B,A158,
E,143486,1,,,,,,,,,,,510,,,,,,,,,,,7530,,0,159,168,C,A159,
E,161311,1,,,,,,,,,,,580,,,,,,,,,,,7530,,0,160,169,A,A160,
E,146451,1,,,,,,,,,,,130,,,,,,,,,,,7620,,0,161,170,B,A161,
E,163302,1,,,,,,,,,,,404,,,,,,,,,,,7620,,0,162,171,C,A162,
E,157073,1,,,,,,,,,,,430,,,,,,,,,,,7620,,0,163,172,A,A163,
E,146666,1,,,,,,,,,,,460,,,,,,,,,,,7620,,0,164,173,B,A164,
E,144295,1,,,,,,,,,,,510,,,,,,,,,,,7620,,0,165,174,C,A165,
E,158928,1,,,,,,,,,,,460,,,,,,,,,,,7120,,0,166,175,A,A166,
E,147704,1,,,,,,,,,,,500,,,,,,,,,,,7120,,0,167,176,B,A167,
E,142779,1,,,,,,,,,,,570,,,,,,,,,,,7120,,0,168,177,C,A168,
E,162802,1,,,,,,,,,,,450,,,,,,,,,,,7440,,0,169,178,A,A169,
E,3.00E+14,1,,,,,,,,,,,420,,,,,,,,,,,7440,,0,170,179,B,A170,
E,3.00E+14,1,,,,,,,,,,,402,,,,,,,,,,,7440,,0,171,180,C,A171,
E,142806,1,,,,,,,,,,,120,,,,,,,,,,,7440,,0,172,181,A,A172,
E,158612,1,,,,,,,,,,,560,,,,,,,,,,,7440,,0,173,182,B,A173,
E,146364,1,,,,,,,,,,,590,,,,,,,,,,,7440,,0,174,183,C,A174,
E,144235,1,,,,,,,,,,,130,,,,,,,,,,,7530,,0,175,184,A,A175,
E,161150,1,,,,,,,,,,,520,,,,,,,,,,,5220,,0,176,185,B,A176,
E,160114,1,,,,,,,,,,,130,,,,,,,,,,,7110,,0,177,186,C,A177,
E,148780,1,,,,,,,,,,,404,,,,,,,,,,,7110,,0,178,187,A,A178,
E,164366,1,,,,,,,,,,,430,,,,,,,,,,,7110,,0,179,188,B,A179,
E,162956,1,,,,,,,,,,,460,,,,,,,,,,,7110,,0,180,189,C,A180,
E,147914,1,,,,,,,,,,,510,,,,,,,,,,,7110,,0,181,190,A,A181,
E,144874,1,,,,,,,,,,,590,,,,,,,,,,,7110,,0,182,191,B,A182,
E,163852,1,,,,,,,,,,,110,,,,,,,,,,,7120,,0,183,192,C,A183,
E,144569,1,,,,,,,,,,,140,,,,,,,,,,,7120,,0,184,193,A,A184,
E,146773,1,,,,,,,,,,,410,,,,,,,,,,,7120,,0,185,194,B,A185,
E,146433,1,,,,,,,,,,,440,,,,,,,,,,,7120,,0,186,195,C,A186,
O,146197,1,,,,,,,,,,,T,,,,,,,,,,,5200,,T,187,196,A,A187,
O,159067,1,,,,,,,,,,,T,,,,,,,,,,,5600,,T,188,197,B,A188,
O,145696,1,,,,,,,,,,,T,,,,,,,,,,,6300,,T,189,198,C,A189,
O,144380,1,,,,,,,,,,,T,,,,,,,,,,,8000,,T,190,199,A,A190,
E,163333,1,,,,,,,,,,,430,,,,,,,,,,,7350,,0,191,200,B,A191,
A,143388,2,,,,,,,,,,,0,,,,,,,,,,,1110,,0,192,201,C,A192,
R,160877,1,,,,,,,,,,,0,,,,,,,,,,,7520,,2080,193,202,A,A193,
L,162871,1,,,,,,,,,,,0,,,,,,,,,,,2990,,0,194,203,B,A194,
O,143238,1,,,,,,,,,,,0,,,,,,,,,,,3500,,0,195,204,C,A195,
O,144724,1,,,,,,,,,,,T,,,,,,,,,,,2100,,T,196,205,A,A196,
O,160478,1,,,,,,,,,,,T,,,,,,,,,,,2400,,T,197,206,B,A197,
O,142644,1,,,,,,,,,,,T,,,,,,,,,,,2600,,T,198,207,C,A198,
O,149205,1,,,,,,,,,,,T,,,,,,,,,,,2800,,T,199,208,A,A199,
E,148102,1,,,,,,,,,,,120,,,,,,,,,,,7330,,0,200,209,B,A200,
E,147321,1,,,,,,,,,,,520,,,,,,,,,,,7320,,0,201,210,C,A201,
E,159626,1,,,,,,,,,,,560,,,,,,,,,,,7350,,0,202,211,A,A202,
A,145010,1,,,,,,,,,,,740,,,,,,,,,,,1550,,0,203,212,B,A203,
A,165839,1,,,,,,,,,,,740,,,,,,,,,,,1510,,0,204,213,C,A204,
A,161225,1,,,,,,,,,,,740,,,,,,,,,,,1520,,0,205,214,A,A205,
A,162640,1,,,,,,,,,,,740,,,,,,,,,,,1560,,0,206,215,B,A206,
A,146538,1,,,,,,,,,,,740,,,,,,,,,,,1540,,0,207,216,C,A207,
A,146116,1,,,,,,,,,,,740,,,,,,,,,,,1530,,0,208,217,A,A208,
A,148401,1,,,,,,,,,,,740,,,,,,,,,,,1580,,0,209,218,B,A209,
A,142737,1,,,,,,,,,,,740,,,,,,,,,,,1590,,0,210,219,C,A210,
A,144722,1,,,,,,,,,,,740,,,,,,,,,,,1650,,0,211,220,A,A211,
A,148304,1,,,,,,,,,,,740,,,,,,,,,,,1620,,0,212,221,B,A212,
A,163180,1,,,,,,,,,,,0,,,,,,,,,,,SQFT,,1050,213,222,C,A213,
A,160090,1,,,,,,,,,,,0,,,,,,,,,,,SQFT,,2110,214,223,A,A214,
A,159143,1,,,,,,,,,,,0,,,,,,,,,,,SQFT,,2260,215,224,B,A215,
A,166413,1,,,,,,,,,,,0,,,,,,,,,,,SQFT,,2270,216,225,C,A216,
A,144011,1,,,,,,,,,,,260,,,,,,,,,,,SQFT,,1230,217,226,A,A217,
E,146280,1,,,,,,,,,,,0,,,,,,,,,,,6310,,1050,218,227,B,A218,
E,145408,1,,,,,,,,,,,0,,,,,,,,,,,6310,,2110,219,228,C,A219,
E,157036,1,,,,,,,,,,,0,,,,,,,,,,,6310,,2260,220,229,A,A220,
E,162906,1,,,,,,,,,,,155,,,,,,,,,,,6310,,1230,221,230,B,A221,
L,147899,1,,,,,,,,,,,0,,,,,,,,,,,2510,,0,222,231,C,A222,
A,157364,1,,,,,,,,,,,0,,,,,,,,,,,1730,,1240,223,232,A,A223,
R,163898,1,,,,,,,,,,,0,,,,,,,,,,,7610,,1240,224,233,B,A224,
E,142501,1,,,,,,,,,,,410,,,,,,,,,,,7350,,0,225,234,C,A225,
L,144074,1,,,,,,,,,,,0,,,,,,,,,,,2210,,2080,226,235,A,A226,
A,164429,1,,,,,,,,,,,155,,,,,,,,,,,1330,,1070,227,236,B,A227,
L,150201,1,,,,,,,,,,,0,,,,,,,,,,,2220,,2080,228,237,C,A228,
A,146641,1,,,,,,,,,,,155,,,,,,,,,,,1310,,1070,229,238,A,A229,
R,164024,1,,,,,,,,,,,155,,,,,,,,,,,4310,,1070,230,239,B,A230,
E,162360,1,,,,,,,,,,,0,,,,,,,,,,,5210,,2080,231,240,C,A231,
E,146544,1,,,,,,,,,,,0,,,,,,,,,,,6130,,1050,232,241,A,A232,
E,144659,1,,,,,,,,,,,0,,,,,,,,,,,6130,,2110,233,242,B,A233,
E,148194,1,,,,,,,,,,,0,,,,,,,,,,,6130,,2270,234,243,C,A234,
E,161248,1,,,,,,,,,,,260,,,,,,,,,,,6130,,1230,235,244,A,A235,
R,146617,1,,,,,,,,,,,260,,,,,,,,,,,9220,,1030,236,245,B,A236,
R,164189,1,,,,,,,,,,,0,,,,,,,,,,,9420,,2110,237,246,C,A237,
R,147409,1,,,,,,,,,,,0,,,,,,,,,,,9610,,2080,238,247,A,A238,
R,143818,1,,,,,,,,,,,0,,,,,,,,,,,9920,,2080,239,248,B,A239,
R,165854,1,,,,,,,,,,,0,,,,,,,,,,,9950,,2080,240,249,C,A240,
E,146655,1,,,,,,,,,,,0,,,,,,,,,,,8210,,1050,241,250,A,A241,
E,147923,1,,,,,,,,,,,0,,,,,,,,,,,8730,,2270,242,251,B,A242,
E,147786,1,,,,,,,,,,,0,,,,,,,,,,,9890,,2270,243,252,C,A243,
E,148419,1,,,,,,,,,,,260,,,,,,,,,,,8640,,2270,244,253,A,A244,
E,143634,1,,,,,,,,,,,110,,,,,,,,,,,8650,,2270,245,254,B,A245,
E,157045,1,,,,,,,,,,,0,,,,,,,,,,,8660,,2270,246,255,C,A246,
E,147556,1,,,,,,,,,,,0,,,,,,,,,,,8999,,2080,247,256,A,A247,
R,146251,1,,,,,,,,,,,110,,,,,,,,,,,9110,,1030,248,257,B,A248,
R,163319,1,,,,,,,,,,,260,,,,,,,,,,,9110,,1030,249,258,C,A249,
R,145808,1,,,,,,,,,,,110,,,,,,,,,,,9210,,1030,250,259,A,A250,
R,165042,1,,,,,,,,,,,155,,,,,,,,,,,9210,,1030,251,260,B,A251,
R,159744,1,,,,,,,,,,,260,,,,,,,,,,,9210,,1030,252,261,C,A252,
R,147376,1,,,,,,,,,,,110,,,,,,,,,,,9220,,1030,253,262,A,A253,
E,142827,1,,,,,,,,,,,110,,,,,,,,,,,8330,,1010,254,263,B,A254,
E,147070,1,,,,,,,,,,,110,,,,,,,,,,,8330,,1010,255,264,C,A255,
E,147483,1,,,,,,,,,,,260,,,,,,,,,,,8330,,1010,256,265,A,A256,
E,162594,1,,,,,,,,,,,440,,,,,,,,,,,7220,,0,257,266,B,A257,
E,3.00E+14,1,,,,,,,,,,,450,,,,,,,,,,,7210,,0,258,267,C,A258,
E,163989,1,,,,,,,,,,,450,,,,,,,,,,,7230,,0,259,268,A,A259,
E,145535,1,,,,,,,,,,,470,,,,,,,,,,,7220,,0,260,269,B,A260,
E,165007,1,,,,,,,,,,,480,,,,,,,,,,,7210,,0,261,270,C,A261,
E,163824,1,,,,,,,,,,,580,,,,,,,,,,,7420,,0,262,271,A,A262,
E,143464,1,,,,,,,,,,,120,,,,,,,,,,,7420,,0,263,272,B,A263,
E,164511,1,,,,,,,,,,,402,,,,,,,,,,,7420,,0,264,273,C,A264,
A,163585,1,,,,,,,,,,,155,,,,,,,,,,,1340,,1070,265,274,A,A265,
E,158576,1,,,,,,,,,,,110,,,,,,,,,,,6910,,1010,266,275,B,A266,
E,158084,1,,,,,,,,,,,155,,,,,,,,,,,6910,,1010,267,276,C,A267,
E,147327,1,,,,,,,,,,,260,,,,,,,,,,,6910,,1010,268,277,A,A268,
E,146956,1,,,,,,,,,,,110,,,,,,,,,,,7230,,0,269,278,B,A269,
E,146761,1,,,,,,,,,,,120,,,,,,,,,,,7220,,0,270,279,C,A270,
E,146713,1,,,,,,,,,,,130,,,,,,,,,,,7210,,0,271,280,A,A271,
R,164033,1,,,,,,,,,,,700,,,,,,,,,,,7810,,0,272,281,B,A272,
E,164288,1,,,,,,,,,,,700,,,,,,,,,,,7825,,0,273,282,C,A273,
E,143521,1,,,,,,,,,,,130,,,,,,,,,,,7510,,0,274,283,A,A274,
E,145699,1,,,,,,,,,,,404,,,,,,,,,,,7510,,0,275,284,B,A275,
E,159148,1,,,,,,,,,,,430,,,,,,,,,,,7510,,0,276,285,C,A276,
E,162842,1,,,,,,,,,,,460,,,,,,,,,,,7510,,0,277,286,A,A277,
E,142473,1,,,,,,,,,,,510,,,,,,,,,,,7510,,0,278,287,B,A278,
E,159781,1,,,,,,,,,,,580,,,,,,,,,,,7510,,0,279,288,C,A279,
E,145501,1,,,,,,,,,,,420,,,,,,,,,,,7420,,0,280,289,A,A280,
E,145503,1,,,,,,,,,,,460,,,,,,,,,,,7420,,0,281,290,B,A281,
E,143881,1,,,,,,,,,,,500,,,,,,,,,,,7420,,0,282,291,C,A282,
E,150227,1,,,,,,,,,,,400,,,,,,,,,,,7620,,0,283,292,A,A283,
E,146973,1,,,,,,,,,,,500,,,,,,,,,,,7620,,0,284,293,B,A284,
E,147870,1,,,,,,,,,,,100,,,,,,,,,,,7640,,0,285,294,C,A285,
E,142713,1,,,,,,,,,,,400,,,,,,,,,,,7640,,0,286,295,A,A286,
E,147630,1,,,,,,,,,,,500,,,,,,,,,,,7640,,0,287,296,B,A287,
E,161245,1,,,,,,,,,,,700,,,,,,,,,,,7640,,0,288,297,C,A288,
E,147439,1,,,,,,,,,,,400,,,,,,,,,,,7650,,0,289,298,A,A289,
E,144948,1,,,,,,,,,,,100,,,,,,,,,,,7660,,0,290,299,B,A290,
E,145831,1,,,,,,,,,,,100,,,,,,,,,,,7670,,0,291,300,C,A291,
E,147395,1,,,,,,,,,,,700,,,,,,,,,,,7670,,0,292,301,A,A292,
E,143877,1,,,,,,,,,,,500,,,,,,,,,,,7690,,0,293,302,B,A293,
E,160169,1,,,,,,,,,,,400,,,,,,,,,,,7695,,0,294,303,C,A294,
E,146586,1,,,,,,,,,,,400,,,,,,,,,,,7710,,0,295,304,A,A295,
E,146587,1,,,,,,,,,,,400,,,,,,,,,,,7730,,0,296,305,B,A296,
E,142986,1,,,,,,,,,,,400,,,,,,,,,,,7740,,0,297,306,C,A297,
E,157425,1,,,,,,,,,,,100,,,,,,,,,,,7330,,0,298,307,A,A298,
E,164523,1,,,,,,,,,,,400,,,,,,,,,,,7350,,0,299,308,B,A299,
E,146169,1,,,,,,,,,,,520,,,,,,,,,,,5250,,0,300,309,C,A300,
A,145469,1,,,,,,,,,,,170,,,,,,,,,,,1110,,0,301,310,A,A301,
R,147198,1,,,,,,,,,,,402,,,,,,,,,,,4150,,0,302,311,B,A302,
A,143781,1,,,,,,,,,,,510,,,,,,,,,,,1590,,0,303,312,C,A303,
A,144817,1,,,,,,,,,,,510,,,,,,,,,,,1590,,0,304,313,A,A304,
E,146527,1,,,,,,,,,,,140,,,,,,,,,,,7350,,0,305,314,B,A305,
A,164021,2,,,,,,,,,,,0,,,,,,,,,,,1110,,0,306,315,C,A306,
R,144517,2,,,,,,,,,,,550,,,,,,,,,,,4150,,0,307,316,A,A307,
E,148165,2,,,,,,,,,,,740,,,,,,,,,,,7842,,0,308,317,B,A308,
A,145452,2,,,,,,,,,,,0,,,,,,,,,,,1240,,0,309,318,C,A309,
L,144808,2,,,,,,,,,,,0,,,,,,,,,,,1332,,0,310,319,A,A310,
A,147079,2,,,,,,,,,,,0,,,,,,,,,,,1340,,0,311,320,B,A311,
E,146234,2,,,,,,,,,,,740,,,,,,,,,,,7825,,0,312,321,C,A312,
E,144828,1,,,,,,,,,,,740,,,,,,,,,,,7330,,0,313,322,A,A313,
E,144439,1,,,,,,,,,,,440,,,,,,,,,,,7350,,0,314,323,B,A314,
E,145104,1,,,,,,,,,,,710,,,,,,,,,,,7580,,0,315,324,C,A315,
A,147634,1,,,,,,,,,,,CEO,,,,,,,,,,,1550,,0,316,325,A,A316,
E,146632,1,,,,,,,,,,,710,,,,,,,,,,,7520,,0,317,326,B,A317,
E,158609,1,,,,,,,,,,,710,,,,,,,,,,,7530,,0,318,327,C,A318,
E,142661,1,,,,,,,,,,,720,,,,,,,,,,,7440,,0,319,328,A,A319,
E,147531,1,,,,,,,,,,,720,,,,,,,,,,,7510,,0,320,329,B,A320,
E,160162,1,,,,,,,,,,,720,,,,,,,,,,,7560,,0,321,330,C,A321,
E,142745,1,,,,,,,,,,,720,,,,,,,,,,,7570,,0,322,331,A,A322,
E,164976,1,,,,,,,,,,,720,,,,,,,,,,,7630,,0,323,332,B,A323,
L,147360,2,,,,,,,,,,,0,,,,,,,,,,,2520,,0,324,333,C,A324,
E,164229,1,,,,,,,,,,,530,,,,,,,,,,,5370,,0,325,334,A,A325,
E,3.00E+14,1,,,,,,,,,,,530,,,,,,,,,,,5260,,0,326,335,B,A326,
E,159109,1,,,,,,,,,,,540,,,,,,,,,,,5390,,0,327,336,C,A327,
R,147016,1,,,,,,,,,,,560,,,,,,,,,,,4140,,0,328,337,A,A328,
E,146765,1,,,,,,,,,,,560,,,,,,,,,,,5290,,0,329,338,B,A329,
E,146489,1,,,,,,,,,,,560,,,,,,,,,,,7660,,0,330,339,C,A330,
E,143801,1,,,,,,,,,,,560,,,,,,,,,,,7730,,0,331,340,A,A331,
A,165054,1,,,,,,,,,,,999,,,,,,,,,,,1110,,2080,332,341,B,A332,
R,162486,1,,,,,,,,,,,740,,,,,,,,,,,4110,,0,333,342,C,A333,
E,143967,1,,,,,,,,,,,540,,,,,,,,,,,5380,,0,334,343,A,A334,
E,163307,1,,,,,,,,,,,430,,,,,,,,,,,7350,,0,335,344,B,A335,
E,147396,1,,,,,,,,,,,430,,,,,,,,,,,7410,,0,336,345,C,A336,
E,162752,1,,,,,,,,,,,430,,,,,,,,,,,5110,,0,337,346,A,A337,
E,159762,1,,,,,,,,,,,420,,,,,,,,,,,7695,,0,338,347,B,A338,
E,149140,1,,,,,,,,,,,420,,,,,,,,,,,7820,,0,339,348,C,A339,
R,145919,1,,,,,,,,,,,510,,,,,,,,,,,4120,,0,340,349,A,A340,
E,149096,1,,,,,,,,,,,510,,,,,,,,,,,5300,,0,341,350,B,A341,
E,162824,1,,,,,,,,,,,510,,,,,,,,,,,6100,,0,342,351,C,A342,
E,147487,1,,,,,,,,,,,510,,,,,,,,,,,7640,,0,343,352,A,A343,
E,145278,1,,,,,,,,,,,510,,,,,,,,,,,7670,,0,344,353,B,A344,
E,143508,1,,,,,,,,,,,510,,,,,,,,,,,7680,,0,345,354,C,A345,
E,145922,1,,,,,,,,,,,510,,,,,,,,,,,7710,,0,346,355,A,A346,
E,165088,1,,,,,,,,,,,510,,,,,,,,,,,7730,,0,347,356,B,A347,
A,148367,1,,,,,,,,,,,560,,,,,,,,,,,1650,,0,348,357,C,A348,
R,143345,1,,,,,,,,,,,450,,,,,,,,,,,4110,,0,349,358,A,A349,
R,145458,1,,,,,,,,,,,450,,,,,,,,,,,4120,,0,350,359,B,A350,
R,145209,1,,,,,,,,,,,450,,,,,,,,,,,4130,,0,351,360,C,A351,
E,147784,1,,,,,,,,,,,440,,,,,,,,,,,7640,,0,352,361,A,A352,
E,164061,1,,,,,,,,,,,440,,,,,,,,,,,7650,,0,353,362,B,A353,
E,164090,1,,,,,,,,,,,440,,,,,,,,,,,7660,,0,354,363,C,A354,
E,144867,1,,,,,,,,,,,440,,,,,,,,,,,6100,,0,355,364,A,A355,
E,144061,1,,,,,,,,,,,430,,,,,,,,,,,7820,,0,356,365,B,A356,
R,145092,1,,,,,,,,,,,440,,,,,,,,,,,4140,,0,357,366,C,A357,
E,3.00E+14,1,,,,,,,,,,,440,,,,,,,,,,,5300,,0,358,367,A,A358,
E,3.00E+14,1,,,,,,,,,,,430,,,,,,,,,,,7670,,0,359,368,B,A359,
E,161173,1,,,,,,,,,,,430,,,,,,,,,,,7680,,0,360,369,C,A360,
E,146607,1,,,,,,,,,,,460,,,,,,,,,,,7695,,0,361,370,A,A361,
E,3.00E+14,1,,,,,,,,,,,460,,,,,,,,,,,7710,,0,362,371,B,A362,
E,147661,1,,,,,,,,,,,460,,,,,,,,,,,7730,,0,363,372,C,A363,
E,147172,1,,,,,,,,,,,460,,,,,,,,,,,7740,,0,364,373,A,A364,
A,161291,1,,,,,,,,,,,460,,,,,,,,,,,1550,,0,365,374,B,A365,
E,142935,1,,,,,,,,,,,450,,,,,,,,,,,7650,,0,366,375,C,A366,
E,147452,1,,,,,,,,,,,450,,,,,,,,,,,7660,,0,367,376,A,A367,
E,158546,1,,,,,,,,,,,450,,,,,,,,,,,7410,,0,368,377,B,A368,
E,145033,1,,,,,,,,,,,470,,,,,,,,,,,7640,,0,369,378,C,A369,
E,143995,1,,,,,,,,,,,470,,,,,,,,,,,7670,,0,370,379,A,A370,
E,147851,1,,,,,,,,,,,470,,,,,,,,,,,7680,,0,371,380,B,A371,
E,146336,1,,,,,,,,,,,470,,,,,,,,,,,7740,,0,372,381,C,A372,
R,146414,1,,,,,,,,,,,480,,,,,,,,,,,4110,,0,373,382,A,A373,
R,145682,1,,,,,,,,,,,480,,,,,,,,,,,4120,,0,374,383,B,A374,
R,143611,1,,,,,,,,,,,480,,,,,,,,,,,4130,,0,375,384,C,A375,
E,145007,1,,,,,,,,,,,480,,,,,,,,,,,5110,,0,376,385,A,A376,
E,143360,1,,,,,,,,,,,470,,,,,,,,,,,7820,,0,377,386,B,A377,
E,143365,1,,,,,,,,,,,470,,,,,,,,,,,7350,,0,378,387,C,A378,
A,164046,1,,,,,,,,,,,470,,,,,,,,,,,1550,,0,379,388,A,A379,
R,144524,1,,,,,,,,,,,470,,,,,,,,,,,4140,,0,380,389,B,A380,
E,144366,1,,,,,,,,,,,470,,,,,,,,,,,5300,,0,381,390,C,A381,
E,148473,1,,,,,,,,,,,470,,,,,,,,,,,6100,,0,382,391,A,A382,
A,149207,1,,,,,,,,,,,0,,,,,,,,,,,1130,,0,383,392,B,A383,
A,145604,1,,,,,,,,,,,0,,,,,,,,,,,1212,,0,384,393,C,A384,
A,144032,1,,,,,,,,,,,0,,,,,,,,,,,1220,,0,385,394,A,A385,
A,145078,1,,,,,,,,,,,0,,,,,,,,,,,1222,,0,386,395,B,A386,
A,146173,1,,,,,,,,,,,0,,,,,,,,,,,1230,,0,387,396,C,A387,
A,157092,1,,,,,,,,,,,0,,,,,,,,,,,1245,,0,388,397,A,A388,
A,157051,1,,,,,,,,,,,0,,,,,,,,,,,1247,,0,389,398,B,A389,
E,145755,1,,,,,,,,,,,420,,,,,,,,,,,5210,,0,390,399,C,A390,
A,158087,1,,,,,,,,,,,420,,,,,,,,,,,1650,,0,391,400,A,A391,
R,158089,1,,,,,,,,,,,420,,,,,,,,,,,4160,,0,392,401,B,A392,
E,158097,1,,,,,,,,,,,410,,,,,,,,,,,7730,,0,393,402,C,A393,
E,147517,1,,,,,,,,,,,410,,,,,,,,,,,7660,,0,394,403,A,A394,
E,144672,1,,,,,,,,,,,410,,,,,,,,,,,7670,,0,395,404,B,A395,
E,143467,1,,,,,,,,,,,410,,,,,,,,,,,7695,,0,396,405,C,A396,
E,159598,1,,,,,,,,,,,110,,,,,,,,,,,7330,,0,397,406,A,A397,
E,146231,1,,,,,,,,,,,110,,,,,,,,,,,7410,,0,398,407,B,A398,
A,146233,1,,,,,,,,,,,110,,,,,,,,,,,1540,,0,399,408,C,A399,
A,146139,1,,,,,,,,,,,110,,,,,,,,,,,1620,,0,400,409,A,A400,
A,190234,1,,,,,,,,,,,110,,,,,,,,,,,1640,,0,401,410,B,A401,
R,3.00E+14,1,,,,,,,,,,,110,,,,,,,,,,,4120,,0,402,411,C,A402,
R,143516,1,,,,,,,,,,,110,,,,,,,,,,,4150,,0,403,412,A,A403,
L,147485,1,,,,,,,,,,,0,,,,,,,,,,,2700,,0,404,413,B,A404,
L,145694,1,,,,,,,,,,,0,,,,,,,,,,,2215,,0,405,414,C,A405,
L,146389,1,,,,,,,,,,,0,,,,,,,,,,,2340,,0,406,415,A,A406,
L,149075,1,,,,,,,,,,,0,,,,,,,,,,,2530,,0,407,416,B,A407,
A,3.00E+14,1,,,,,,,,,,,0,,,,,,,,,,,1720,,0,408,417,C,A408,
A,3.00E+14,1,,,,,,,,,,,0,,,,,,,,,,,1770,,0,409,418,A,A409,
A,3.00E+14,1,,,,,,,,,,,0,,,,,,,,,,,1270,,0,410,419,B,A410,
A,161198,1,,,,,,,,,,,0,,,,,,,,,,,1310,,0,411,420,C,A411,
A,148336,1,,,,,,,,,,,0,,,,,,,,,,,1335,,0,412,421,A,A412,
E,162666,1,,,,,,,,,,,0,,,,,,,,,,,1440,,0,413,422,B,A413,
E,163392,1,,,,,,,,,,,120,,,,,,,,,,,7820,,0,414,423,C,A414,
R,162731,1,,,,,,,,,,,130,,,,,,,,,,,4130,,0,415,424,A,A415,
E,161663,1,,,,,,,,,,,130,,,,,,,,,,,5300,,0,416,425,B,A416,
E,144521,1,,,,,,,,,,,120,,,,,,,,,,,7650,,0,417,426,C,A417,
E,148108,1,,,,,,,,,,,120,,,,,,,,,,,6100,,0,418,427,A,A418,
R,157385,1,,,,,,,,,,,120,,,,,,,,,,,4110,,0,419,428,B,A419,
R,147950,1,,,,,,,,,,,120,,,,,,,,,,,4140,,0,420,429,C,A420,
E,145072,1,,,,,,,,,,,110,,,,,,,,,,,7640,,0,421,430,A,A421,
E,156666,1,,,,,,,,,,,110,,,,,,,,,,,7680,,0,422,431,B,A422,
R,146708,1,,,,,,,,,,,402,,,,,,,,,,,4120,,0,423,432,C,A423,
E,164004,1,,,,,,,,,,,402,,,,,,,,,,,5110,,0,424,433,A,A424,
E,164016,1,,,,,,,,,,,140,,,,,,,,,,,7660,,0,425,434,B,A425,
E,145930,1,,,,,,,,,,,140,,,,,,,,,,,7670,,0,426,435,C,A426,
E,10148,1,,,,,,,,,,,140,,,,,,,,,,,7695,,0,427,436,A,A427,
E,146075,1,,,,,,,,,,,140,,,,,,,,,,,7710,,0,428,437,B,A428,
E,163008,1,,,,,,,,,,,140,,,,,,,,,,,7730,,0,429,438,C,A429,
E,143693,1,,,,,,,,,,,130,,,,,,,,,,,7740,,0,430,439,A,A430,
E,160823,1,,,,,,,,,,,130,,,,,,,,,,,7820,,0,431,440,B,A431,
R,146487,1,,,,,,,,,,,140,,,,,,,,,,,4130,,0,432,441,C,A432,
E,164294,1,,,,,,,,,,,140,,,,,,,,,,,5300,,0,433,442,A,A433,
E,146385,1,,,,,,,,,,,130,,,,,,,,,,,6100,,0,434,443,B,A434,
E,162378,1,,,,,,,,,,,402,,,,,,,,,,,7650,,0,435,444,C,A435,
E,162371,1,,,,,,,,,,,402,,,,,,,,,,,7710,,0,436,445,A,A436,
E,147882,1,,,,,,,,,,,402,,,,,,,,,,,7730,,0,437,446,B,A437,
E,158567,1,,,,,,,,,,,402,,,,,,,,,,,7410,,0,438,447,C,A438,
E,146705,1,,,,,,,,,,,480,,,,,,,,,,,7680,,0,439,448,A,A439,
E,156653,1,,,,,,,,,,,480,,,,,,,,,,,7640,,0,440,449,B,A440,
E,147729,1,,,,,,,,,,,130,,,,,,,,,,,7670,,0,441,450,C,A441,
E,144161,1,,,,,,,,,,,130,,,,,,,,,,,7699,,0,442,451,A,A442,
A,142646,1,,,,,,,,,,,0,,,,,,,,,,,1100,,0,443,452,B,A443,
E,144791,1,,,,,,,,,,,410,,,,,,,,,,,6100,,0,444,453,C,A444,
E,161169,1,,,,,,,,,,,410,,,,,,,,,,,7410,,0,445,454,A,A445,
R,162897,1,,,,,,,,,,,410,,,,,,,,,,,4120,,0,446,455,B,A446,
E,150215,1,,,,,,,,,,,404,,,,,,,,,,,7650,,0,447,456,C,A447,
E,162902,1,,,,,,,,,,,404,,,,,,,,,,,7670,,0,448,457,A,A448,
E,164165,1,,,,,,,,,,,404,,,,,,,,,,,7350,,0,449,458,B,A449,
R,158926,1,,,,,,,,,,,404,,,,,,,,,,,4130,,0,450,459,C,A450,
R,145664,1,,,,,,,,,,,404,,,,,,,,,,,4140,,0,451,460,A,A451,
E,149042,3,,,,,,,,,,,400,,,,,,,,,,,7690,,0,452,461,B,A452,
E,149139,3,,,,,,,,,,,400,,,,,,,,,,,7740,,0,453,462,C,A453,
A,143834,3,,,,,,,,,,,400,,,,,,,,,,,8100,,0,454,463,A,A454,
E,159752,1,,,,,,,,,,,400,,,,,,,,,,,7100,,0,455,464,B,A455,
E,157485,1,,,,,,,,,,,800,,,,,,,,,,,7100,,0,456,465,C,A456,
E,163984,1,,,,,,,,,,,800,,,,,,,,,,,7740,,0,457,466,A,A457,
E,162655,1,,,,,,,,,,,100,,,,,,,,,,,7520,,0,458,467,B,A458,
E,149147,1,,,,,,,,,,,700,,,,,,,,,,,7520,,0,459,468,C,A459,
L,148385,3,,,,,,,,,,,0,,,,,,,,,,,2990,,0,460,469,A,A460,
A,164216,1,,,,,,,,,,,0,,,,,,,,,,,1100,,0,461,470,B,A461,
A,157360,1,,,,,,,,,,,0,,,,,,,,,,,1000,,0,462,471,C,A462,
E,163917,1,,,,,,,,,,,420,,,,,,,,,,,7730,,0,463,472,A,A463,
E,3.00E+14,1,,,,,,,,,,,550,,,,,,,,,,,5290,,0,464,473,B,A464,
E,157435,1,,,,,,,,,,,550,,,,,,,,,,,5210,,0,465,474,C,A465,
E,145508,1,,,,,,,,,,,550,,,,,,,,,,,5220,,0,466,475,A,A466,
E,163301,2,,,,,,,,,,,0,,,,,,,,,,,1440,,0,467,476,B,A467,
L,148224,2,,,,,,,,,,,0,,,,,,,,,,,2220,,0,468,477,C,A468,
E,160807,1,,,,,,,,,,,530,,,,,,,,,,,5380,,0,469,478,A,A469,
R,145754,1,,,,,,,,,,,110,,,,,,,,,,,4150,,0,470,479,B,A470,
E,147059,2,,,,,,,,,,,550,,,,,,,,,,,7220,,0,471,480,C,A471,
A,148950,3,,,,,,,,,,,0,,,,,,,,,,,1410,,0,472,481,A,A472,
O,156650,2,,,,,,,,,,,0,,,,,,,,,,,3500,,0,473,482,B,A473,
A,162944,3,,,,,,,,,,,0,,,,,,,,,,,1110,,0,474,483,C,A474,
A,158954,3,,,,,,,,,,,0,,,,,,,,,,,1580,,0,475,484,A,A475,
L,157451,3,,,,,,,,,,,0,,,,,,,,,,,2210,,0,476,485,B,A476,
L,146436,3,,,,,,,,,,,0,,,,,,,,,,,2410,,0,477,486,C,A477,
E,163024,1,,,,,,,,,,,CEO,,,,,,,,,,,7020,,0,478,487,A,A478,
E,158591,1,,,,,,,,,,,830,,,,,,,,,,,7620,,0,479,488,B,A479,
A,148252,1,,,,,,,,,,,700,,,,,,,,,,,1570,,0,480,489,C,A480,
E,157464,1,,,,,,,,,,,CEO,,,,,,,,,,,7030,,0,481,490,A,A481,
E,164104,1,,,,,,,,,,,830,,,,,,,,,,,7050,,0,482,491,B,A482,
E,144865,1,,,,,,,,,,,830,,,,,,,,,,,7070,,0,483,492,C,A483,
E,161687,1,,,,,,,,,,,830,,,,,,,,,,,7520,,0,484,493,A,A484,
E,142665,1,,,,,,,,,,,830,,,,,,,,,,,7740,,0,485,494,B,A485,
E,146064,1,,,,,,,,,,,420,,,,,,,,,,,5020,,0,486,495,C,A486,
E,144449,1,,,,,,,,,,,420,,,,,,,,,,,5050,,0,487,496,A,A487,
E,157522,1,,,,,,,,,,,420,,,,,,,,,,,7690,,0,488,497,B,A488,
L,145714,1,,,,,,,,,,,0,,,,,,,,,,,2550,,0,489,498,C,A489,
O,148280,2,,,,,,,,,,,T,,,,,,,,,,,6300,,T,490,499,A,A490,
O,157503,2,,,,,,,,,,,T,,,,,,,,,,,3000,,T,491,500,B,A491,
O,142618,2,,,,,,,,,,,T,,,,,,,,,,,1700,,T,492,501,C,A492,
A,145875,2,,,,,,,,,,,0,,,,,,,,,,,1410,,0,493,502,A,A493,
A,163830,2,,,,,,,,,,,0,,,,,,,,,,,1450,,0,494,503,B,A494,
A,142550,2,,,,,,,,,,,0,,,,,,,,,,,1420,,0,495,504,C,A495,
E,142553,2,,,,,,,,,,,0,,,,,,,,,,,1430,,0,496,505,A,A496,
E,148332,2,,,,,,,,,,,550,,,,,,,,,,,7530,,0,497,506,B,A497,
E,163885,2,,,,,,,,,,,550,,,,,,,,,,,5290,,0,498,507,C,A498,
E,146418,2,,,,,,,,,,,0,,,,,,,,,,,5210,,0,499,508,A,A499,
L,146430,2,,,,,,,,,,,0,,,,,,,,,,,2370,,0,500,509,B,A500,
A,147175,2,,,,,,,,,,,0,,,,,,,,,,,1810,,0,501,510,C,A501,
A,144344,2,,,,,,,,,,,0,,,,,,,,,,,1460,,0,502,511,A,A502,
R,142808,2,,,,,,,,,,,510,,,,,,,,,,,4110,,0,503,512,B,A503,
E,147263,1,,,,,,,,,,,420,,,,,,,,,,,7560,,0,504,513,C,A504,
O,148379,1,,,,,,,,,,,T,,,,,,,,,,,7500,,T,505,514,A,A505,
O,164449,1,,,,,,,,,,,T,,,,,,,,,,,7600,,T,506,515,B,A506,
O,144209,1,,,,,,,,,,,T,,,,,,,,,,,9000,,T,507,516,C,A507,
E,145876,1,,,,,,,,,,,0,,,,,,,,,,,0,,0,508,517,A,A508,
A,147468,1,,,,,,,,,,,0,,,,,,,,,,,1890,,0,509,518,B,A509,
R,157414,1,,,,,,,,,,,1998,,,,,,,,,,,7250,,110,510,519,C,A510,
L,146086,1,,,,,,,,,,,2998,,,,,,,,,,,2220,,299,511,520,A,A511,
O,146093,1,,,,,,,,,,,T,,,,,,,,,,,7100,,T,512,521,B,A512,
O,142878,1,,,,,,,,,,,T,,,,,,,,,,,7200,,T,513,522,C,A513,
O,163379,1,,,,,,,,,,,T,,,,,,,,,,,7500,,T,514,523,A,A514,
O,147894,3,,,,,,,,,,,T,,,,,,,,,,,7500,,T,515,524,B,A515,
O,159770,1,,,,,,,,,,,T,,,,,,,,,,,4200,,T,516,525,C,A516,
O,145642,1,,,,,,,,,,,T,,,,,,,,,,,4300,,T,517,526,A,A517,
O,160157,1,,,,,,,,,,,T,,,,,,,,,,,4400,,T,518,527,B,A518,
O,159119,1,,,,,,,,,,,T,,,,,,,,,,,4500,,T,519,528,C,A519,
O,147855,1,,,,,,,,,,,T,,,,,,,,,,,7100,,T,520,529,A,A520,
O,164042,1,,,,,,,,,,,T,,,,,,,,,,,7300,,T,521,530,B,A521,
A,143769,1,,,,,,,,,,,2110,,,,,,,,,,,SQFT,,0,522,531,C,A522,
A,160462,1,,,,,,,,,,,2270,,,,,,,,,,,SQFT,,0,523,532,A,A523,
E,144370,1,,,,,,,,,,,1010,,,,,,,,,,,6310,,0,524,533,B,A524,
E,146058,1,,,,,,,,,,,1210,,,,,,,,,,,6310,,0,525,534,C,A525,
E,162691,1,,,,,,,,,,,2080,,,,,,,,,,,6310,,0,526,535,A,A526,
E,147117,1,,,,,,,,,,,2260,,,,,,,,,,,6310,,0,527,536,B,A527,
E,143886,1,,,,,,,,,,,0,,,,,,,,,,,6320,,0,528,537,C,A528,
E,147137,1,,,,,,,,,,,0,,,,,,,,,,,6320,,1050,529,538,A,A529,
E,145659,1,,,,,,,,,,,0,,,,,,,,,,,6320,,2110,530,539,B,A530,
E,145666,1,,,,,,,,,,,0,,,,,,,,,,,6320,,2260,531,540,C,A531,
E,159116,1,,,,,,,,,,,155,,,,,,,,,,,6320,,1230,532,541,A,A532,
O,159739,1,,,,,,,,,,,2270,,,,,,,,,,,3600,,0,533,542,B,A533,
R,3.00E+14,1,,,,,,,,,,,0,,,,,,,,,,,7530,,0,534,543,C,A534,
L,3.00E+14,1,,,,,,,,,,,0,,,,,,,,,,,1332,,0,535,544,A,A535,
A,164182,1,,,,,,,,,,,0,,,,,,,,,,,1620,,0,536,545,B,A536,
E,161679,1,,,,,,,,,,,110,,,,,,,,,,,8310,,0,537,546,C,A537,
E,160466,1,,,,,,,,,,,260,,,,,,,,,,,8999,,0,538,547,A,A538,
E,147307,1,,,,,,,,,,,1998,,,,,,,,,,,6430,,0,539,548,B,A539,
E,165140,1,,,,,,,,,,,2110,,,,,,,,,,,6110,,0,540,549,C,A540,
A,146154,1,,,,,,,,,,,1030,,,,,,,,,,,SQFT,,0,541,550,A,A541,
A,143399,1,,,,,,,,,,,1230,,,,,,,,,,,SQFT,,0,542,551,B,A542,
O,158593,1,,,,,,,,,,,0,,,,,,,,,,,3200,,0,543,552,C,A543,
E,162740,1,,,,,,,,,,,2250,,,,,,,,,,,6430,,0,544,553,A,A544,
E,159135,1,,,,,,,,,,,1210,,,,,,,,,,,6420,,0,545,554,B,A545,
E,143727,1,,,,,,,,,,,1240,,,,,,,,,,,6420,,0,546,555,C,A546,
R,145148,1,,,,,,,,,,,120,,,,,,,,,,,7110,,0,547,556,A,A547,
R,164979,1,,,,,,,,,,,170,,,,,,,,,,,7110,,0,548,557,B,A548,
R,164987,1,,,,,,,,,,,260,,,,,,,,,,,7110,,0,549,558,C,A549,
R,190235,1,,,,,,,,,,,440,,,,,,,,,,,7110,,0,550,559,A,A550,
R,3.00E+14,1,,,,,,,,,,,510,,,,,,,,,,,7110,,0,551,560,B,A551,
R,142468,1,,,,,,,,,,,580,,,,,,,,,,,7110,,0,552,561,C,A552,
O,144113,1,,,,,,,,,,,T,,,,,,,,,,,2200,,T,553,562,A,A553,
O,147461,1,,,,,,,,,,,T,,,,,,,,,,,2500,,T,554,563,B,A554,
O,146631,1,,,,,,,,,,,T,,,,,,,,,,,2600,,T,555,564,C,A555,
O,147384,1,,,,,,,,,,,T,,,,,,,,,,,1300,,T,556,565,A,A556,
O,144861,1,,,,,,,,,,,402,,,,,,,,,,,4000,,T,557,566,B,A557,
O,147795,1,,,,,,,,,,,410,,,,,,,,,,,4000,,T,558,567,C,A558,
O,146772,1,,,,,,,,,,,430,,,,,,,,,,,4000,,T,559,568,A,A559,
O,144836,1,,,,,,,,,,,450,,,,,,,,,,,4000,,T,560,569,B,A560,
O,164577,1,,,,,,,,,,,470,,,,,,,,,,,4000,,T,561,570,C,A561,
O,164578,1,,,,,,,,,,,480,,,,,,,,,,,4000,,T,562,571,A,A562,
O,146062,1,,,,,,,,,,,560,,,,,,,,,,,4000,,T,563,572,B,A563,
E,145114,1,,,,,,,,,,,510,,,,,,,,,,,7430,,0,564,573,C,A564,
A,147772,1,,,,,,,,,,,110,,,,,,,,,,,1699,,2260,565,574,A,A565,
E,145593,1,,,,,,,,,,,110,,,,,,,,,,,6210,,2260,566,575,B,A566,
E,146419,1,,,,,,,,,,,110,,,,,,,,,,,6430,,2250,567,576,C,A567,
E,158621,1,,,,,,,,,,,130,,,,,,,,,,,7360,,0,568,577,A,A568,
E,162698,1,,,,,,,,,,,110,,,,,,,,,,,6310,,2270,569,578,B,A569,
E,158956,1,,,,,,,,,,,110,,,,,,,,,,,6430,,2270,570,579,C,A570,
E,143916,1,,,,,,,,,,,830,,,,,,,,,,,7640,,0,571,580,A,A571,
E,162823,1,,,,,,,,,,,830,,,,,,,,,,,7670,,0,572,581,B,A572,
E,146639,1,,,,,,,,,,,830,,,,,,,,,,,7450,,0,573,582,C,A573,
E,144100,1,,,,,,,,,,,0,,,,,,,,,,,6510,,2080,574,583,A,A574,
L,145721,2,,,,,,,,,,,0,,,,,,,,,,,2980,,0,575,584,B,A575,
E,159757,1,,,,,,,,,,,830,,,,,,,,,,,7650,,0,576,585,C,A576,
E,143498,1,,,,,,,,,,,830,,,,,,,,,,,7695,,0,577,586,A,A577,
E,163382,1,,,,,,,,,,,830,,,,,,,,,,,7680,,0,578,587,B,A578,
E,148472,1,,,,,,,,,,,130,,,,,,,,,,,7490,,0,579,588,C,A579,
E,142980,1,,,,,,,,,,,0,,,,,,,,,,,6410,,2250,580,589,A,A580,
A,148113,1,,,,,,,,,,,999,,,,,,,,,,,1630,,9999,581,590,B,A581,
E,146360,1,,,,,,,,,,,0,,,,,,,,,,,6210,,2270,582,591,C,A582,
A,160881,1,,,,,,,,,,,999,,,,,,,,,,,1640,,9999,583,592,A,A583,
A,146172,1,,,,,,,,,,,999,,,,,,,,,,,1650,,9999,584,593,B,A584,
E,148246,1,,,,,,,,,,,130,,,,,,,,,,,7430,,0,585,594,C,A585,
A,145510,1,,,,,,,,,,,0,,,,,,,,,,,1699,,2260,586,595,A,A586,
E,142659,1,,,,,,,,,,,0,,,,,,,,,,,6220,,2270,587,596,B,A587,
A,164239,1,,,,,,,,,,,0,,,,,,,,,,,1640,,2260,588,597,C,A588,
E,164576,1,,,,,,,,,,,410,,,,,,,,,,,7330,,0,589,598,A,A589,
E,15634,1,,,,,,,,,,,420,,,,,,,,,,,7360,,0,590,599,B,A590,
